predicted_state,Cytokine_NFkB,DAM-like,Homeostatic,IRM (Interferon),Lipid-Associated,MHC-II,PVM-like
cluster_0,1.6697588126159555,4.483611626468769,34.41558441558442,15.058750773036486,35.31230674087817,3.4322820037105752,5.627705627705628
cluster_1,5.055368319691863,12.036591237361579,35.19499277804526,3.20173326913818,16.995666827154547,11.89215214251324,15.62349542609533
cluster_2,4.547945205479452,10.849315068493151,26.027397260273972,7.3424657534246585,31.506849315068493,9.424657534246576,10.301369863013699
cluster_3,3.909465020576132,7.064471879286695,23.662551440329217,14.609053497942387,25.171467764060356,8.093278463648835,17.48971193415638
cluster_4,3.87858347386172,5.283867341202924,24.283305227655987,27.318718381112983,13.659359190556492,13.490725126475548,12.085441259134345
cluster_5,0.0,0.0,100.0,0.0,0.0,0.0,0.0
