state,n_cells,knn_purity
Cytokine_NFkB,473,0.0514446793516561
DAM,1040,0.12134615384615384
Homeostatic,3886,0.4202264539372105
IRM,1453,0.22060105528791005
Lipid_Assoc,3033,0.35894054291680405
MHC-II,1135,0.145726872246696
PVM,1489,0.31040967092008065
