metric,value,baseline,lift
kNN_purity_k15,0.30540677378953823,0.14285714285714285,2.1378474165267676
silhouette_groundtruth,-0.0357559509575367,0.0,
label_transfer_accuracy,0.4132693844924061,0.3105515587529976,0.10271782573940846
label_transfer_balanced,0.27976217498240863,0.14285714285714285,0.13690503212526578
