method,n_dims,kNN_purity,silhouette,accuracy,balanced_acc
VAE,32,0.30540677378953823,-0.0357559509575367,0.4132693844924061,0.27976217498240863
PCA,32,0.3176113198497082,-0.053992096334695816,0.4292565947242206,0.29333457679242336
UMAP-only,2,0.226700775441682,-0.07849840074777603,0.2981614708233413,0.18187806552246819
