method,kNN_purity,silhouette,accuracy,balanced_acc,naive_baseline
VAE,0.30540677378953823,-0.0357559509575367,0.4132693844924061,0.27976217498240863,0.3105515587529976
PCA,0.3176113198497082,-0.053992096334695816,0.4292565947242206,0.29333457679242336,0.3105515587529976
