resolution,n_clusters,silhouette,ari,score
0.1,6,0.15789082646369934,,0.15789082646369934
0.3,10,0.15024779736995697,,0.15024779736995697
0.2,9,0.13897262513637543,,0.13897262513637543
1.0,23,0.12540720403194427,,0.12540720403194427
0.7,17,0.1154271736741066,,0.1154271736741066
0.5,14,0.1124003529548645,,0.1124003529548645
